x-axis,1,2
second,Volt,Volt
-4.16000E-03,-167.50001E-03,+249.98E-06
-4.14000E-03,-186.25001E-03,+249.98E-06
-4.12000E-03,-180.00001E-03,+249.98E-06
-4.10000E-03,-167.50001E-03,+249.98E-06
-4.08000E-03,-136.25000E-03,+249.98E-06
-4.06000E-03,-117.50000E-03,+249.98E-06
-4.04000E-03,-173.75001E-03,+249.98E-06
-4.02000E-03,-142.50000E-03,+6.49998E-03
-4.00000E-03,-180.00001E-03,+249.98E-06
-3.98000E-03,-155.00000E-03,+6.49998E-03
-3.96000E-03,-173.75001E-03,+6.49998E-03
-3.94000E-03,-155.00000E-03,+6.49998E-03
-3.92000E-03,-180.00001E-03,+249.98E-06
-3.90000E-03,-161.25001E-03,+249.98E-06
-3.88000E-03,-167.50001E-03,+249.98E-06
-3.86000E-03,-180.00001E-03,+6.49998E-03
-3.84000E-03,-173.75001E-03,+249.98E-06
-3.82000E-03,-180.00001E-03,+6.49998E-03
-3.80000E-03,-167.50001E-03,+249.98E-06
-3.78000E-03,-123.75000E-03,+249.98E-06
-3.76000E-03,-180.00001E-03,+6.49998E-03
-3.74000E-03,-142.50000E-03,+249.98E-06
-3.72000E-03,-173.75001E-03,+6.49998E-03
-3.70000E-03,-142.50000E-03,+6.49998E-03
-3.68000E-03,-180.00001E-03,+249.98E-06
-3.66000E-03,-155.00000E-03,+249.98E-06
-3.64000E-03,-167.50001E-03,+249.98E-06
-3.62000E-03,-161.25001E-03,+249.98E-06
-3.60000E-03,-161.25001E-03,+249.98E-06
-3.58000E-03,-192.50001E-03,+249.98E-06
-3.56000E-03,-173.75001E-03,+249.98E-06
-3.54000E-03,-173.75001E-03,+6.49998E-03
-3.52000E-03,-211.25001E-03,+249.98E-06
-3.50000E-03,-136.25000E-03,+249.98E-06
-3.48000E-03,-192.50001E-03,+249.98E-06
-3.46000E-03,-142.50000E-03,+6.49998E-03
-3.44000E-03,-173.75001E-03,+249.98E-06
-3.42000E-03,-155.00000E-03,+249.98E-06
-3.40000E-03,-167.50001E-03,+249.98E-06
-3.38000E-03,-155.00000E-03,+249.98E-06
-3.36000E-03,-161.25001E-03,+249.98E-06
-3.34000E-03,-155.00000E-03,+6.49998E-03
-3.32000E-03,-155.00000E-03,+249.98E-06
-3.30000E-03,-180.00001E-03,+249.98E-06
-3.28000E-03,-186.25001E-03,+6.49998E-03
-3.26000E-03,-180.00001E-03,+249.98E-06
-3.24000E-03,-155.00000E-03,+249.98E-06
-3.22000E-03,-130.00000E-03,+249.98E-06
-3.20000E-03,-98.75000E-03,+249.98E-06
-3.18000E-03,-148.75000E-03,+249.98E-06
-3.16000E-03,-167.50001E-03,+6.49998E-03
-3.14000E-03,-148.75000E-03,+249.98E-06
-3.12000E-03,-161.25001E-03,+249.98E-06
-3.10000E-03,-148.75000E-03,+249.98E-06
-3.08000E-03,-148.75000E-03,+249.98E-06
-3.06000E-03,-167.50001E-03,+249.98E-06
-3.04000E-03,-148.75000E-03,+249.98E-06
-3.02000E-03,-173.75001E-03,+249.98E-06
-3.00000E-03,-180.00001E-03,+249.98E-06
-2.98000E-03,-167.50001E-03,+6.49998E-03
-2.96000E-03,-173.75001E-03,+249.98E-06
-2.94000E-03,-123.75000E-03,+6.49998E-03
-2.92000E-03,-105.00000E-03,+249.98E-06
-2.90000E-03,-148.75000E-03,+249.98E-06
-2.88000E-03,-161.25001E-03,+6.49998E-03
-2.86000E-03,-155.00000E-03,+249.98E-06
-2.84000E-03,-148.75000E-03,+6.49998E-03
-2.82000E-03,-117.50000E-03,+249.98E-06
-2.80000E-03,-142.50000E-03,+249.98E-06
-2.78000E-03,-173.75001E-03,+249.98E-06
-2.76000E-03,-142.50000E-03,+249.98E-06
-2.74000E-03,-180.00001E-03,+249.98E-06
-2.72000E-03,-173.75001E-03,+249.98E-06
-2.70000E-03,-173.75001E-03,+249.98E-06
-2.68000E-03,-161.25001E-03,+6.49998E-03
-2.66000E-03,-111.25000E-03,+6.49998E-03
-2.64000E-03,-111.25000E-03,+249.98E-06
-2.62000E-03,-155.00000E-03,+249.98E-06
-2.60000E-03,-148.75000E-03,+249.98E-06
-2.58000E-03,-155.00000E-03,+249.98E-06
-2.56000E-03,-148.75000E-03,+249.98E-06
-2.54000E-03,-192.50001E-03,+249.98E-06
-2.52000E-03,-142.50000E-03,+249.98E-06
-2.50000E-03,-173.75001E-03,+249.98E-06
-2.48000E-03,-136.25000E-03,+6.49998E-03
-2.46000E-03,-167.50001E-03,+249.98E-06
-2.44000E-03,-167.50001E-03,-6.00002E-03
-2.42000E-03,-173.75001E-03,+249.98E-06
-2.40000E-03,-192.50001E-03,+249.98E-06
-2.38000E-03,-111.25000E-03,+249.98E-06
-2.36000E-03,-92.50000E-03,+6.49998E-03
-2.34000E-03,-155.00000E-03,+249.98E-06
-2.32000E-03,-148.75000E-03,+6.49998E-03
-2.30000E-03,-161.25001E-03,+249.98E-06
-2.28000E-03,-148.75000E-03,+6.49998E-03
-2.26000E-03,-161.25001E-03,+249.98E-06
-2.24000E-03,-136.25000E-03,+249.98E-06
-2.22000E-03,-167.50001E-03,+249.98E-06
-2.20000E-03,-123.75000E-03,+249.98E-06
-2.18000E-03,-161.25001E-03,+249.98E-06
-2.16000E-03,-173.75001E-03,+249.98E-06
-2.14000E-03,-173.75001E-03,+249.98E-06
-2.12000E-03,-161.25001E-03,+249.98E-06
-2.10000E-03,-105.00000E-03,+249.98E-06
-2.08000E-03,-117.50000E-03,+249.98E-06
-2.06000E-03,-161.25001E-03,+6.49998E-03
-2.04000E-03,-136.25000E-03,+249.98E-06
-2.02000E-03,-155.00000E-03,+249.98E-06
-2.00000E-03,-130.00000E-03,+249.98E-06
-1.98000E-03,-173.75001E-03,-6.00002E-03
-1.96000E-03,-136.25000E-03,+249.98E-06
-1.94000E-03,-167.50001E-03,+6.49998E-03
-1.92000E-03,-136.25000E-03,+249.98E-06
-1.90000E-03,-155.00000E-03,+249.98E-06
-1.88000E-03,-167.50001E-03,+249.98E-06
-1.86000E-03,-167.50001E-03,+249.98E-06
-1.84000E-03,-161.25001E-03,+249.98E-06
-1.82000E-03,-105.00000E-03,+249.98E-06
-1.80000E-03,-111.25000E-03,+249.98E-06
-1.78000E-03,-161.25001E-03,+6.49998E-03
-1.76000E-03,-136.25000E-03,+249.98E-06
-1.74000E-03,-155.00000E-03,+6.49998E-03
-1.72000E-03,-130.00000E-03,+249.98E-06
-1.70000E-03,-161.25001E-03,+249.98E-06
-1.68000E-03,-142.50000E-03,+6.49998E-03
-1.66000E-03,-155.00000E-03,+249.98E-06
-1.64000E-03,-130.00000E-03,+249.98E-06
-1.62000E-03,-148.75000E-03,+249.98E-06
-1.60000E-03,-173.75001E-03,+6.49998E-03
-1.58000E-03,-161.25001E-03,+249.98E-06
-1.56000E-03,-155.00000E-03,+249.98E-06
-1.54000E-03,-173.75001E-03,+249.98E-06
-1.52000E-03,-117.50000E-03,+249.98E-06
-1.50000E-03,-155.00000E-03,+249.98E-06
-1.48000E-03,-130.00000E-03,+6.49998E-03
-1.46000E-03,-148.75000E-03,+249.98E-06
-1.44000E-03,-130.00000E-03,+6.49998E-03
-1.42000E-03,-155.00000E-03,+6.49998E-03
-1.40000E-03,-123.75000E-03,+249.98E-06
-1.38000E-03,-148.75000E-03,-6.00002E-03
-1.36000E-03,-136.25000E-03,+249.98E-06
-1.34000E-03,-161.25001E-03,+249.98E-06
-1.32000E-03,-167.50001E-03,+249.98E-06
-1.30000E-03,-161.25001E-03,+6.49998E-03
-1.28000E-03,-161.25001E-03,+249.98E-06
-1.26000E-03,-167.50001E-03,+249.98E-06
-1.24000E-03,-98.75000E-03,+249.98E-06
-1.22000E-03,-155.00000E-03,-6.00002E-03
-1.20000E-03,-123.75000E-03,+249.98E-06
-1.18000E-03,-155.00000E-03,+249.98E-06
-1.16000E-03,-130.00000E-03,+249.98E-06
-1.14000E-03,-148.75000E-03,+249.98E-06
-1.12000E-03,-130.00000E-03,+249.98E-06
-1.10000E-03,-136.25000E-03,+6.49998E-03
-1.08000E-03,-136.25000E-03,+249.98E-06
-1.06000E-03,-136.25000E-03,+249.98E-06
-1.04000E-03,-155.00000E-03,+249.98E-06
-1.02000E-03,-161.25001E-03,+249.98E-06
-1.00000E-03,-155.00000E-03,+6.49998E-03
-980.00E-06,-223.75001E-03,+6.49998E-03
-960.00E-06,-98.75000E-03,+249.98E-06
-940.00E-06,-123.75000E-03,+249.98E-06
-920.00E-06,-130.00000E-03,+249.98E-06
-900.00E-06,-142.50000E-03,+249.98E-06
-880.00E-06,-155.00000E-03,+249.98E-06
-860.00E-06,-123.75000E-03,+249.98E-06
-840.00E-06,-142.50000E-03,+249.98E-06
-820.00E-06,-123.75000E-03,+249.98E-06
-800.00E-06,-136.25000E-03,+6.49998E-03
-780.00E-06,-130.00000E-03,+249.98E-06
-760.00E-06,-155.00000E-03,+249.98E-06
-740.00E-06,-148.75000E-03,+249.98E-06
-720.00E-06,-155.00000E-03,-6.00002E-03
-700.00E-06,-123.75000E-03,+249.98E-06
-680.00E-06,-98.75000E-03,+249.98E-06
-660.00E-06,-92.50000E-03,+6.49998E-03
-640.00E-06,-123.75000E-03,+249.98E-06
-620.00E-06,-142.50000E-03,+249.98E-06
-600.00E-06,-136.25000E-03,+6.49998E-03
-580.00E-06,-136.25000E-03,+249.98E-06
-560.00E-06,-136.25000E-03,+249.98E-06
-540.00E-06,-123.75000E-03,+249.98E-06
-520.00E-06,-161.25001E-03,+249.98E-06
-500.00E-06,-123.75000E-03,+249.98E-06
-480.00E-06,-155.00000E-03,+249.98E-06
-460.00E-06,-155.00000E-03,+249.98E-06
-440.00E-06,-155.00000E-03,-6.00002E-03
-420.00E-06,-186.25001E-03,+249.98E-06
-400.00E-06,-92.50000E-03,+6.49998E-03
-380.00E-06,-92.50000E-03,+249.98E-06
-360.00E-06,-130.00000E-03,+249.98E-06
-340.00E-06,-130.00000E-03,+249.98E-06
-320.00E-06,-161.25001E-03,+249.98E-06
-300.00E-06,-130.00000E-03,+249.98E-06
-280.00E-06,-136.25000E-03,+249.98E-06
-260.00E-06,-130.00000E-03,+249.98E-06
-240.00E-06,-148.75000E-03,+6.49998E-03
-220.00E-06,-123.75000E-03,+249.98E-06
-200.00E-06,-161.25001E-03,+6.49998E-03
-180.00E-06,-155.00000E-03,+249.98E-06
-160.00E-06,-155.00000E-03,+249.98E-06
-140.00E-06,-161.25001E-03,+249.98E-06
-120.00E-06,-92.50000E-03,+6.49998E-03
-100.00E-06,-86.25000E-03,+249.98E-06
-80.00E-06,-136.25000E-03,+249.98E-06
-60.00E-06,-136.25000E-03,+249.98E-06
-40.00E-06,-142.50000E-03,+6.49998E-03
-20.00E-06,-123.75000E-03,+249.98E-06
+0.0E+00,-142.50000E-03,-24.75002E-03
+20.00E-06,-117.50000E-03,+249.98E-06
+40.00E-06,-311.25001E-03,-424.75002E-03
+60.00E-06,+38.75000E-03,-424.75002E-03
+80.00E-06,-42.50000E-03,-424.75002E-03
+100.00E-06,-298.75001E-03,-424.75002E-03
+120.00E-06,-98.75000E-03,-424.75002E-03
+140.00E-06,+13.75000E-03,-424.75002E-03
+160.00E-06,-61.25000E-03,-424.75002E-03
+180.00E-06,-280.00001E-03,-424.75002E-03
+200.00E-06,-11.25000E-03,-424.75002E-03
+220.00E-06,+13.75000E-03,-424.75002E-03
+240.00E-06,-317.50001E-03,-424.75002E-03
+260.00E-06,-136.25000E-03,-424.75002E-03
+280.00E-06,+20.00000E-03,-424.75002E-03
+300.00E-06,-117.50000E-03,-424.75002E-03
+320.00E-06,-342.50001E-03,-424.75002E-03
+340.00E-06,-30.00000E-03,-424.75002E-03
+360.00E-06,+13.75000E-03,-424.75002E-03
+380.00E-06,-267.50001E-03,-424.75002E-03
+400.00E-06,-211.25001E-03,-424.75002E-03
+420.00E-06,-48.75000E-03,-424.75002E-03
+440.00E-06,-73.75000E-03,-424.75002E-03
+460.00E-06,-292.50001E-03,-424.75002E-03
+480.00E-06,-155.00000E-03,-424.75002E-03
+500.00E-06,+51.25000E-03,-418.50002E-03
+520.00E-06,-198.75001E-03,-424.75002E-03
+540.00E-06,-305.00001E-03,-406.00002E-03
+560.00E-06,+7.50000E-03,-399.75002E-03
+580.00E-06,-117.50000E-03,-387.25002E-03
+600.00E-06,-142.50000E-03,-387.25002E-03
+620.00E-06,-105.00000E-03,-374.75002E-03
+640.00E-06,-148.75000E-03,-362.25002E-03
+660.00E-06,-142.50000E-03,-356.00002E-03
+680.00E-06,-148.75000E-03,-343.50002E-03
+700.00E-06,-142.50000E-03,-331.00002E-03
+720.00E-06,-92.50000E-03,-318.50002E-03
+740.00E-06,-86.25000E-03,-306.00002E-03
+760.00E-06,-136.25000E-03,-299.75002E-03
+780.00E-06,-117.50000E-03,-287.25002E-03
+800.00E-06,-142.50000E-03,-281.00002E-03
+820.00E-06,-111.25000E-03,-268.50002E-03
+840.00E-06,-130.00000E-03,-256.00002E-03
+860.00E-06,-105.00000E-03,-243.50002E-03
+880.00E-06,-130.00000E-03,-237.25002E-03
+900.00E-06,-117.50000E-03,-218.50002E-03
+920.00E-06,-117.50000E-03,-212.25002E-03
+940.00E-06,-142.50000E-03,-206.00002E-03
+960.00E-06,-142.50000E-03,-187.25002E-03
+980.00E-06,-142.50000E-03,-181.00002E-03
+1.00000E-03,-123.75000E-03,-168.50002E-03
+1.02000E-03,-111.25000E-03,-162.25002E-03
+1.04000E-03,-123.75000E-03,-149.75002E-03
+1.06000E-03,-98.75000E-03,-131.00002E-03
+1.08000E-03,-130.00000E-03,-118.50002E-03
+1.10000E-03,-92.50000E-03,-112.25002E-03
+1.12000E-03,-117.50000E-03,-112.25002E-03
+1.14000E-03,-98.75000E-03,-93.50002E-03
+1.16000E-03,-111.25000E-03,-81.00002E-03
+1.18000E-03,-105.00000E-03,-74.75002E-03
+1.20000E-03,-92.50000E-03,-56.00002E-03
+1.22000E-03,-117.50000E-03,-49.75002E-03
+1.24000E-03,-117.50000E-03,-37.25002E-03
+1.26000E-03,-105.00000E-03,-24.75002E-03
+1.28000E-03,-173.75001E-03,-12.25002E-03
+1.30000E-03,-36.25000E-03,-6.00002E-03
+1.32000E-03,-86.25000E-03,+6.49998E-03
+1.34000E-03,-80.00000E-03,+12.74998E-03
+1.36000E-03,-98.75000E-03,+31.49998E-03
+1.38000E-03,-73.75000E-03,+31.49998E-03
+1.40000E-03,-80.00000E-03,+43.99998E-03
+1.42000E-03,-73.75000E-03,+43.99998E-03
+1.44000E-03,-80.00000E-03,+50.24998E-03
+1.46000E-03,-73.75000E-03,+56.49998E-03
+1.48000E-03,-61.25000E-03,+62.74998E-03
+1.50000E-03,-86.25000E-03,+62.74998E-03
+1.52000E-03,-86.25000E-03,+62.74998E-03
+1.54000E-03,-92.50000E-03,+68.99998E-03
+1.56000E-03,-36.25000E-03,+68.99998E-03
+1.58000E-03,-36.25000E-03,+75.24998E-03
+1.60000E-03,+7.50000E-03,+68.99998E-03
+1.62000E-03,-42.50000E-03,+68.99998E-03
+1.64000E-03,-48.75000E-03,+68.99998E-03
+1.66000E-03,-30.00000E-03,+68.99998E-03
+1.68000E-03,-42.50000E-03,+68.99998E-03
+1.70000E-03,-36.25000E-03,+62.74998E-03
+1.72000E-03,-30.00000E-03,+62.74998E-03
+1.74000E-03,-42.50000E-03,+62.74998E-03
+1.76000E-03,+20.00000E-03,+56.49998E-03
+1.78000E-03,-48.75000E-03,+56.49998E-03
+1.80000E-03,-42.50000E-03,+56.49998E-03
+1.82000E-03,-36.25000E-03,+56.49998E-03
+1.84000E-03,-55.00000E-03,+56.49998E-03
+1.86000E-03,+26.25000E-03,+50.24998E-03
+1.88000E-03,+26.25000E-03,+56.49998E-03
+1.90000E-03,+1.25000E-03,+50.24998E-03
+1.92000E-03,-5.00000E-03,+50.24998E-03
+1.94000E-03,+1.25000E-03,+50.24998E-03
+1.96000E-03,+1.25000E-03,+50.24998E-03
+1.98000E-03,-11.25000E-03,+43.99998E-03
+2.00000E-03,+20.00000E-03,+50.24998E-03
+2.02000E-03,+1.25000E-03,+43.99998E-03
+2.04000E-03,+7.50000E-03,+43.99998E-03
+2.06000E-03,+1.25000E-03,+43.99998E-03
+2.08000E-03,+13.75000E-03,+43.99998E-03
+2.10000E-03,+7.50000E-03,+37.74998E-03
+2.12000E-03,+20.00000E-03,+37.74998E-03
+2.14000E-03,+76.25000E-03,+31.49998E-03
+2.16000E-03,+70.00000E-03,+31.49998E-03
+2.18000E-03,+45.00000E-03,+31.49998E-03
+2.20000E-03,+45.00000E-03,+25.24998E-03
+2.22000E-03,+38.75000E-03,+18.99998E-03
+2.24000E-03,+70.00000E-03,+25.24998E-03
+2.26000E-03,+38.75000E-03,+25.24998E-03
+2.28000E-03,+82.50000E-03,+25.24998E-03
+2.30000E-03,+45.00000E-03,+25.24998E-03
+2.32000E-03,+88.75000E-03,+25.24998E-03
+2.34000E-03,+38.75000E-03,+25.24998E-03
+2.36000E-03,+51.25000E-03,+18.99998E-03
+2.38000E-03,+57.50000E-03,+18.99998E-03
+2.40000E-03,+45.00000E-03,+25.24998E-03
+2.42000E-03,+126.25000E-03,+12.74998E-03
+2.44000E-03,+113.75000E-03,+12.74998E-03
+2.46000E-03,+88.75000E-03,+18.99998E-03
+2.48000E-03,+107.50000E-03,+18.99998E-03
+2.50000E-03,+76.25000E-03,+12.74998E-03
+2.52000E-03,+113.75000E-03,+6.49998E-03
+2.54000E-03,+82.50000E-03,+12.74998E-03
+2.56000E-03,+120.00000E-03,+6.49998E-03
+2.58000E-03,+101.25000E-03,+12.74998E-03
+2.60000E-03,+132.50000E-03,+12.74998E-03
+2.62000E-03,+101.25000E-03,+6.49998E-03
+2.64000E-03,+101.25000E-03,+12.74998E-03
+2.66000E-03,+113.75000E-03,+6.49998E-03
+2.68000E-03,+126.25000E-03,+12.74998E-03
+2.70000E-03,+170.00000E-03,+12.74998E-03
+2.72000E-03,+182.50000E-03,+12.74998E-03
+2.74000E-03,+126.25000E-03,+6.49998E-03
+2.76000E-03,+151.25000E-03,+6.49998E-03
+2.78000E-03,+132.50000E-03,+6.49998E-03
+2.80000E-03,+157.50000E-03,+6.49998E-03
+2.82000E-03,+132.50000E-03,+6.49998E-03
+2.84000E-03,+176.25000E-03,+6.49998E-03
+2.86000E-03,+145.00000E-03,+6.49998E-03
+2.88000E-03,+176.25000E-03,+6.49998E-03
+2.90000E-03,+157.50000E-03,+6.49998E-03
+2.92000E-03,+157.50000E-03,+6.49998E-03
+2.94000E-03,+151.25000E-03,+6.49998E-03
+2.96000E-03,+157.50000E-03,+6.49998E-03
+2.98000E-03,+201.25000E-03,+6.49998E-03
+3.00000E-03,+213.75000E-03,+6.49998E-03
+3.02000E-03,+170.00000E-03,+6.49998E-03
+3.04000E-03,+188.75000E-03,+6.49998E-03
+3.06000E-03,+151.25000E-03,+6.49998E-03
+3.08000E-03,+195.00000E-03,+249.98E-06
+3.10000E-03,+170.00000E-03,+6.49998E-03
+3.12000E-03,+213.75000E-03,+6.49998E-03
+3.14000E-03,+176.25000E-03,+249.98E-06
+3.16000E-03,+201.25000E-03,+249.98E-06
+3.18000E-03,+195.00000E-03,+6.49998E-03
+3.20000E-03,+182.50000E-03,+6.49998E-03
+3.22000E-03,+195.00000E-03,+6.49998E-03
+3.24000E-03,+188.75000E-03,+6.49998E-03
+3.26000E-03,+238.75000E-03,+249.98E-06
+3.28000E-03,+245.00000E-03,+6.49998E-03
+3.30000E-03,+201.25000E-03,+249.98E-06
+3.32000E-03,+226.25000E-03,+249.98E-06
+3.34000E-03,+201.25000E-03,+249.98E-06
+3.36000E-03,+232.50000E-03,+249.98E-06
+3.38000E-03,+207.50000E-03,+249.98E-06
+3.40000E-03,+238.75000E-03,+249.98E-06
+3.42000E-03,+207.50000E-03,+249.98E-06
+3.44000E-03,+232.50000E-03,+249.98E-06
+3.46000E-03,+226.25000E-03,+249.98E-06
+3.48000E-03,+213.75000E-03,+249.98E-06
+3.50000E-03,+213.75000E-03,+249.98E-06
+3.52000E-03,+232.50000E-03,+249.98E-06
+3.54000E-03,+213.75000E-03,+249.98E-06
+3.56000E-03,+270.00000E-03,-6.00002E-03
+3.58000E-03,+226.25000E-03,+249.98E-06
+3.60000E-03,+251.25000E-03,+6.49998E-03
+3.62000E-03,+220.00000E-03,+6.49998E-03
+3.64000E-03,+257.50000E-03,+249.98E-06
+3.66000E-03,+232.50000E-03,+6.49998E-03
+3.68000E-03,+251.25000E-03,+249.98E-06
+3.70000E-03,+232.50000E-03,+6.49998E-03
+3.72000E-03,+245.00000E-03,+6.49998E-03
+3.74000E-03,+245.00000E-03,+249.98E-06
+3.76000E-03,+232.50000E-03,+249.98E-06
+3.78000E-03,+232.50000E-03,+249.98E-06
+3.80000E-03,+238.75000E-03,+249.98E-06
+3.82000E-03,+207.50000E-03,+6.49998E-03
+3.84000E-03,+288.75000E-03,+249.98E-06
+3.86000E-03,+232.50000E-03,+249.98E-06
+3.88000E-03,+257.50000E-03,+6.49998E-03
+3.90000E-03,+245.00000E-03,-6.00002E-03
+3.92000E-03,+263.75000E-03,+249.98E-06
+3.94000E-03,+245.00000E-03,+249.98E-06
+3.96000E-03,+251.25000E-03,+249.98E-06
+3.98000E-03,+276.25000E-03,+249.98E-06
+4.00000E-03,+245.00000E-03,+249.98E-06
+4.02000E-03,+263.75000E-03,+249.98E-06
+4.04000E-03,+245.00000E-03,+249.98E-06
+4.06000E-03,+232.50000E-03,+249.98E-06
+4.08000E-03,+232.50000E-03,+249.98E-06
+4.10000E-03,+270.00000E-03,+249.98E-06
+4.12000E-03,+301.25000E-03,+249.98E-06
+4.14000E-03,+332.50000E-03,+249.98E-06
+4.16000E-03,+263.75000E-03,+249.98E-06
+4.18000E-03,+251.25000E-03,-6.00002E-03
+4.20000E-03,+263.75000E-03,+249.98E-06
+4.22000E-03,+257.50000E-03,+6.49998E-03
+4.24000E-03,+251.25000E-03,+249.98E-06
+4.26000E-03,+201.25000E-03,+6.49998E-03
+4.28000E-03,+251.25000E-03,-6.00002E-03
+4.30000E-03,+276.25000E-03,+249.98E-06
+4.32000E-03,+238.75000E-03,+249.98E-06
+4.34000E-03,+226.25000E-03,+249.98E-06
+4.36000E-03,+232.50000E-03,+249.98E-06
+4.38000E-03,+251.25000E-03,+249.98E-06
+4.40000E-03,+295.00000E-03,+249.98E-06
+4.42000E-03,+301.25000E-03,+249.98E-06
+4.44000E-03,+251.25000E-03,+249.98E-06
+4.46000E-03,+245.00000E-03,+249.98E-06
+4.48000E-03,+257.50000E-03,+249.98E-06
+4.50000E-03,+245.00000E-03,+6.49998E-03
+4.52000E-03,+245.00000E-03,+249.98E-06
+4.54000E-03,+245.00000E-03,+249.98E-06
+4.56000E-03,+238.75000E-03,+249.98E-06
+4.58000E-03,+270.00000E-03,+249.98E-06
+4.60000E-03,+232.50000E-03,+249.98E-06
+4.62000E-03,+226.25000E-03,+249.98E-06
+4.64000E-03,+226.25000E-03,+249.98E-06
+4.66000E-03,+226.25000E-03,-6.00002E-03
+4.68000E-03,+276.25000E-03,+249.98E-06
+4.70000E-03,+263.75000E-03,+249.98E-06
+4.72000E-03,+251.25000E-03,+6.49998E-03
+4.74000E-03,+232.50000E-03,+249.98E-06
+4.76000E-03,+245.00000E-03,+249.98E-06
+4.78000E-03,+238.75000E-03,-6.00002E-03
+4.80000E-03,+220.00000E-03,+6.49998E-03
+4.82000E-03,+238.75000E-03,+249.98E-06
+4.84000E-03,+213.75000E-03,+249.98E-06
+4.86000E-03,+251.25000E-03,+249.98E-06
+4.88000E-03,+213.75000E-03,-6.00002E-03
+4.90000E-03,+201.25000E-03,+249.98E-06
+4.92000E-03,+213.75000E-03,+249.98E-06
+4.94000E-03,+201.25000E-03,+249.98E-06
+4.96000E-03,+257.50000E-03,+249.98E-06
+4.98000E-03,+251.25000E-03,+249.98E-06
+5.00000E-03,+245.00000E-03,+249.98E-06
+5.02000E-03,+226.25000E-03,+6.49998E-03
+5.04000E-03,+213.75000E-03,+6.49998E-03
+5.06000E-03,+220.00000E-03,+249.98E-06
+5.08000E-03,+201.25000E-03,+249.98E-06
+5.10000E-03,+226.25000E-03,+249.98E-06
+5.12000E-03,+195.00000E-03,+249.98E-06
+5.14000E-03,+232.50000E-03,+249.98E-06
+5.16000E-03,+195.00000E-03,+6.49998E-03
+5.18000E-03,+182.50000E-03,+249.98E-06
+5.20000E-03,+201.25000E-03,+6.49998E-03
+5.22000E-03,+201.25000E-03,+249.98E-06
+5.24000E-03,+232.50000E-03,+6.49998E-03
+5.26000E-03,+220.00000E-03,+249.98E-06
+5.28000E-03,+163.75000E-03,+6.49998E-03
+5.30000E-03,+207.50000E-03,+249.98E-06
+5.32000E-03,+182.50000E-03,+249.98E-06
+5.34000E-03,+201.25000E-03,+249.98E-06
+5.36000E-03,+163.75000E-03,-6.00002E-03
+5.38000E-03,+207.50000E-03,+6.49998E-03
+5.40000E-03,+163.75000E-03,+249.98E-06
+5.42000E-03,+195.00000E-03,+6.49998E-03
+5.44000E-03,+170.00000E-03,+249.98E-06
+5.46000E-03,+163.75000E-03,-6.00002E-03
+5.48000E-03,+157.50000E-03,+249.98E-06
+5.50000E-03,+151.25000E-03,+249.98E-06
+5.52000E-03,+207.50000E-03,+249.98E-06
+5.54000E-03,+195.00000E-03,+249.98E-06
+5.56000E-03,+157.50000E-03,+249.98E-06
+5.58000E-03,+182.50000E-03,+249.98E-06
+5.60000E-03,+145.00000E-03,+6.49998E-03
+5.62000E-03,+170.00000E-03,+6.49998E-03
+5.64000E-03,+151.25000E-03,+6.49998E-03
+5.66000E-03,+176.25000E-03,+249.98E-06
+5.68000E-03,+145.00000E-03,+249.98E-06
+5.70000E-03,+163.75000E-03,+249.98E-06
+5.72000E-03,+132.50000E-03,+249.98E-06
+5.74000E-03,+151.25000E-03,+249.98E-06
+5.76000E-03,+132.50000E-03,+249.98E-06
+5.78000E-03,+132.50000E-03,+249.98E-06
+5.80000E-03,+157.50000E-03,+249.98E-06
+5.82000E-03,+182.50000E-03,+249.98E-06
+5.84000E-03,+126.25000E-03,+6.49998E-03
+5.86000E-03,+151.25000E-03,+249.98E-06
+5.88000E-03,+120.00000E-03,+249.98E-06
+5.90000E-03,+151.25000E-03,+249.98E-06
+5.92000E-03,+101.25000E-03,+249.98E-06
+5.94000E-03,+145.00000E-03,+249.98E-06
+5.96000E-03,+120.00000E-03,+6.49998E-03
+5.98000E-03,+132.50000E-03,+6.49998E-03
+6.00000E-03,+101.25000E-03,+249.98E-06
+6.02000E-03,+107.50000E-03,+6.49998E-03
+6.04000E-03,+95.00000E-03,+249.98E-06
+6.06000E-03,+95.00000E-03,-6.00002E-03
+6.08000E-03,+95.00000E-03,+249.98E-06
+6.10000E-03,+163.75000E-03,+249.98E-06
+6.12000E-03,+101.25000E-03,+249.98E-06
+6.14000E-03,+126.25000E-03,+6.49998E-03
+6.16000E-03,+88.75000E-03,+249.98E-06
+6.18000E-03,+113.75000E-03,+249.98E-06
+6.20000E-03,+95.00000E-03,+249.98E-06
+6.22000E-03,+113.75000E-03,+249.98E-06
+6.24000E-03,+88.75000E-03,+249.98E-06
+6.26000E-03,+101.25000E-03,+6.49998E-03
+6.28000E-03,+88.75000E-03,+249.98E-06
+6.30000E-03,+82.50000E-03,+6.49998E-03
+6.32000E-03,+70.00000E-03,+249.98E-06
+6.34000E-03,+70.00000E-03,+249.98E-06
+6.36000E-03,+45.00000E-03,+249.98E-06
+6.38000E-03,+120.00000E-03,+249.98E-06
+6.40000E-03,+63.75000E-03,+6.49998E-03
+6.42000E-03,+95.00000E-03,+249.98E-06
+6.44000E-03,+57.50000E-03,+6.49998E-03
+6.46000E-03,+82.50000E-03,+6.49998E-03
+6.48000E-03,+82.50000E-03,+6.49998E-03
+6.50000E-03,+70.00000E-03,+249.98E-06
+6.52000E-03,+57.50000E-03,+249.98E-06
+6.54000E-03,+70.00000E-03,+6.49998E-03
+6.56000E-03,+70.00000E-03,+6.49998E-03
+6.58000E-03,+45.00000E-03,+249.98E-06
+6.60000E-03,+38.75000E-03,+249.98E-06
+6.62000E-03,+45.00000E-03,+249.98E-06
+6.64000E-03,+26.25000E-03,+249.98E-06
+6.66000E-03,+95.00000E-03,+6.49998E-03
+6.68000E-03,+176.25000E-03,+249.98E-06
+6.70000E-03,+57.50000E-03,+249.98E-06
+6.72000E-03,+26.25000E-03,+249.98E-06
+6.74000E-03,+51.25000E-03,+249.98E-06
+6.76000E-03,+1.25000E-03,+6.49998E-03
+6.78000E-03,+45.00000E-03,+249.98E-06
+6.80000E-03,+38.75000E-03,+249.98E-06
+6.82000E-03,+32.50000E-03,+249.98E-06
+6.84000E-03,+38.75000E-03,+249.98E-06
+6.86000E-03,+13.75000E-03,+249.98E-06
+6.88000E-03,+20.00000E-03,+6.49998E-03
+6.90000E-03,+20.00000E-03,+6.49998E-03
+6.92000E-03,+32.50000E-03,+249.98E-06
+6.94000E-03,+76.25000E-03,+249.98E-06
+6.96000E-03,+76.25000E-03,+6.49998E-03
+6.98000E-03,+32.50000E-03,+249.98E-06
+7.00000E-03,+26.25000E-03,+249.98E-06
+7.02000E-03,+26.25000E-03,+249.98E-06
+7.04000E-03,+32.50000E-03,+249.98E-06
+7.06000E-03,+20.00000E-03,+249.98E-06
+7.08000E-03,+32.50000E-03,+249.98E-06
+7.10000E-03,+7.50000E-03,+249.98E-06
+7.12000E-03,+26.25000E-03,+249.98E-06
+7.14000E-03,-5.00000E-03,-6.00002E-03
+7.16000E-03,-11.25000E-03,+249.98E-06
+7.18000E-03,-11.25000E-03,+249.98E-06
+7.20000E-03,+7.50000E-03,+249.98E-06
+7.22000E-03,+7.50000E-03,+249.98E-06
+7.24000E-03,+38.75000E-03,+249.98E-06
+7.26000E-03,+1.25000E-03,+249.98E-06
+7.28000E-03,+13.75000E-03,-6.00002E-03
+7.30000E-03,+1.25000E-03,+6.49998E-03
+7.32000E-03,+20.00000E-03,+249.98E-06
+7.34000E-03,-17.50000E-03,+249.98E-06
+7.36000E-03,+20.00000E-03,+6.49998E-03
+7.38000E-03,-17.50000E-03,+6.49998E-03
+7.40000E-03,+13.75000E-03,+6.49998E-03
+7.42000E-03,-17.50000E-03,+249.98E-06
+7.44000E-03,-30.00000E-03,+249.98E-06
+7.46000E-03,-17.50000E-03,+249.98E-06
+7.48000E-03,-30.00000E-03,+6.49998E-03
+7.50000E-03,-105.00000E-03,+249.98E-06
+7.52000E-03,+20.00000E-03,+6.49998E-03
+7.54000E-03,-11.25000E-03,+249.98E-06
+7.56000E-03,+1.25000E-03,+249.98E-06
+7.58000E-03,-17.50000E-03,+249.98E-06
+7.60000E-03,+1.25000E-03,+249.98E-06
+7.62000E-03,-30.00000E-03,+249.98E-06
+7.64000E-03,+7.50000E-03,+249.98E-06
+7.66000E-03,-30.00000E-03,+249.98E-06
+7.68000E-03,-5.00000E-03,+249.98E-06
+7.70000E-03,-36.25000E-03,-6.00002E-03
+7.72000E-03,-30.00000E-03,+249.98E-06
+7.74000E-03,-30.00000E-03,+249.98E-06
+7.76000E-03,-30.00000E-03,+6.49998E-03
+7.78000E-03,+13.75000E-03,+249.98E-06
+7.80000E-03,+20.00000E-03,+249.98E-06
+7.82000E-03,-23.75000E-03,+249.98E-06
+7.84000E-03,-11.25000E-03,+249.98E-06
+7.86000E-03,-36.25000E-03,+249.98E-06
+7.88000E-03,-11.25000E-03,+249.98E-06
+7.90000E-03,-42.50000E-03,+249.98E-06
+7.92000E-03,+1.25000E-03,+249.98E-06
+7.94000E-03,-36.25000E-03,+249.98E-06
+7.96000E-03,-48.75000E-03,+249.98E-06
+7.98000E-03,-42.50000E-03,+249.98E-06
+8.00000E-03,-48.75000E-03,+249.98E-06
+8.02000E-03,-48.75000E-03,+249.98E-06
+8.04000E-03,-55.00000E-03,+249.98E-06
+8.06000E-03,+1.25000E-03,+6.49998E-03
+8.08000E-03,+13.75000E-03,+249.98E-06
+8.10000E-03,-36.25000E-03,+249.98E-06
+8.12000E-03,-17.50000E-03,+6.49998E-03
+8.14000E-03,-42.50000E-03,+249.98E-06
+8.16000E-03,-11.25000E-03,+249.98E-06
+8.18000E-03,-55.00000E-03,+249.98E-06
+8.20000E-03,-5.00000E-03,+6.49998E-03
+8.22000E-03,-42.50000E-03,+249.98E-06
+8.24000E-03,-17.50000E-03,+249.98E-06
+8.26000E-03,-36.25000E-03,+249.98E-06
+8.28000E-03,-55.00000E-03,+249.98E-06
+8.30000E-03,-42.50000E-03,+6.49998E-03
+8.32000E-03,-48.75000E-03,+249.98E-06
+8.34000E-03,-5.00000E-03,+249.98E-06
+8.36000E-03,+7.50000E-03,-6.00002E-03
+8.38000E-03,-42.50000E-03,+6.49998E-03
+8.40000E-03,-17.50000E-03,-6.00002E-03
+8.42000E-03,-30.00000E-03,+6.49998E-03
+8.44000E-03,-17.50000E-03,+249.98E-06
+8.46000E-03,-48.75000E-03,+249.98E-06
+8.48000E-03,-17.50000E-03,+249.98E-06
+8.50000E-03,-48.75000E-03,+249.98E-06
+8.52000E-03,-23.75000E-03,+249.98E-06
+8.54000E-03,-30.00000E-03,+249.98E-06
+8.56000E-03,-42.50000E-03,+249.98E-06
+8.58000E-03,-42.50000E-03,+249.98E-06
+8.60000E-03,-55.00000E-03,+249.98E-06
+8.62000E-03,-48.75000E-03,+249.98E-06
+8.64000E-03,+7.50000E-03,+6.49998E-03
+8.66000E-03,-42.50000E-03,+6.49998E-03
+8.68000E-03,-17.50000E-03,+6.49998E-03
+8.70000E-03,-80.00000E-03,+249.98E-06
+8.72000E-03,-11.25000E-03,+249.98E-06
+8.74000E-03,-36.25000E-03,+249.98E-06
+8.76000E-03,-23.75000E-03,+249.98E-06
+8.78000E-03,-36.25000E-03,+249.98E-06
+8.80000E-03,-30.00000E-03,+249.98E-06
+8.82000E-03,-17.50000E-03,+249.98E-06
+8.84000E-03,-48.75000E-03,+249.98E-06
+8.86000E-03,-48.75000E-03,+6.49998E-03
+8.88000E-03,-36.25000E-03,+6.49998E-03
+8.90000E-03,-86.25000E-03,+6.49998E-03
+8.92000E-03,+20.00000E-03,+249.98E-06
+8.94000E-03,-23.75000E-03,+249.98E-06
+8.96000E-03,-11.25000E-03,+249.98E-06
+8.98000E-03,+20.00000E-03,+249.98E-06
+9.00000E-03,-17.50000E-03,+6.49998E-03
+9.02000E-03,-23.75000E-03,+249.98E-06
+9.04000E-03,-17.50000E-03,+249.98E-06
+9.06000E-03,-30.00000E-03,+249.98E-06
+9.08000E-03,-30.00000E-03,+249.98E-06
+9.10000E-03,-11.25000E-03,+249.98E-06
+9.12000E-03,-42.50000E-03,+249.98E-06
+9.14000E-03,-42.50000E-03,-6.00002E-03
+9.16000E-03,-42.50000E-03,+249.98E-06
+9.18000E-03,+1.25000E-03,+249.98E-06
+9.20000E-03,+13.75000E-03,+249.98E-06
+9.22000E-03,+63.75000E-03,+249.98E-06
+9.24000E-03,-5.00000E-03,+249.98E-06
+9.26000E-03,-30.00000E-03,+249.98E-06
+9.28000E-03,-11.25000E-03,-6.00002E-03
+9.30000E-03,-11.25000E-03,+249.98E-06
+9.32000E-03,-11.25000E-03,+249.98E-06
+9.34000E-03,-17.50000E-03,+249.98E-06
+9.36000E-03,-36.25000E-03,+6.49998E-03
+9.38000E-03,+7.50000E-03,+249.98E-06
+9.40000E-03,-36.25000E-03,+249.98E-06
+9.42000E-03,-30.00000E-03,+249.98E-06
+9.44000E-03,-42.50000E-03,-6.00002E-03
+9.46000E-03,-48.75000E-03,+249.98E-06
+9.48000E-03,+26.25000E-03,-6.00002E-03
+9.50000E-03,+45.00000E-03,+6.49998E-03
+9.52000E-03,-5.00000E-03,+249.98E-06
+9.54000E-03,-11.25000E-03,-6.00002E-03
+9.56000E-03,-5.00000E-03,+6.49998E-03
+9.58000E-03,-5.00000E-03,+6.49998E-03
+9.60000E-03,-23.75000E-03,+249.98E-06
+9.62000E-03,-5.00000E-03,+6.49998E-03
+9.64000E-03,-17.50000E-03,+249.98E-06
+9.66000E-03,+7.50000E-03,-6.00002E-03
+9.68000E-03,-30.00000E-03,+249.98E-06
+9.70000E-03,-30.00000E-03,+249.98E-06
+9.72000E-03,-42.50000E-03,+249.98E-06
+9.74000E-03,+1.25000E-03,+6.49998E-03
+9.76000E-03,+32.50000E-03,+249.98E-06
+9.78000E-03,+38.75000E-03,+249.98E-06
+9.80000E-03,-5.00000E-03,+249.98E-06
+9.82000E-03,-11.25000E-03,+249.98E-06
+9.84000E-03,+7.50000E-03,+249.98E-06
+9.86000E-03,+13.75000E-03,+6.49998E-03
+9.88000E-03,-11.25000E-03,+249.98E-06
+9.90000E-03,+20.00000E-03,+249.98E-06
+9.92000E-03,-5.00000E-03,+249.98E-06
+9.94000E-03,+26.25000E-03,+249.98E-06
+9.96000E-03,-11.25000E-03,+6.49998E-03
+9.98000E-03,-17.50000E-03,+249.98E-06
+10.00000E-03,-11.25000E-03,+249.98E-06
+10.02000E-03,-42.50000E-03,+6.49998E-03
+10.04000E-03,+57.50000E-03,+249.98E-06
+10.06000E-03,+51.25000E-03,+249.98E-06
+10.08000E-03,+7.50000E-03,+249.98E-06
+10.10000E-03,+20.00000E-03,+249.98E-06
+10.12000E-03,+7.50000E-03,+249.98E-06
+10.14000E-03,+26.25000E-03,+6.49998E-03
+10.16000E-03,-5.00000E-03,+249.98E-06
+10.18000E-03,+32.50000E-03,+249.98E-06
+10.20000E-03,-5.00000E-03,+249.98E-06
+10.22000E-03,+32.50000E-03,+249.98E-06
+10.24000E-03,-5.00000E-03,+249.98E-06
+10.26000E-03,-5.00000E-03,+249.98E-06
+10.28000E-03,+7.50000E-03,+6.49998E-03
+10.30000E-03,+13.75000E-03,+6.49998E-03
+10.32000E-03,+63.75000E-03,+249.98E-06
+10.34000E-03,+57.50000E-03,+249.98E-06
+10.36000E-03,+20.00000E-03,+249.98E-06
+10.38000E-03,+26.25000E-03,+249.98E-06
+10.40000E-03,+13.75000E-03,+249.98E-06
+10.42000E-03,+32.50000E-03,+249.98E-06
+10.44000E-03,+7.50000E-03,+249.98E-06
+10.46000E-03,-61.25000E-03,+249.98E-06
+10.48000E-03,+13.75000E-03,+249.98E-06
+10.50000E-03,+45.00000E-03,-6.00002E-03
+10.52000E-03,+13.75000E-03,+249.98E-06
+10.54000E-03,+1.25000E-03,+249.98E-06
+10.56000E-03,+13.75000E-03,+249.98E-06
+10.58000E-03,+13.75000E-03,+6.49998E-03
+10.60000E-03,+63.75000E-03,+249.98E-06
+10.62000E-03,+63.75000E-03,+249.98E-06
+10.64000E-03,+26.25000E-03,+249.98E-06
+10.66000E-03,+38.75000E-03,+6.49998E-03
+10.68000E-03,+20.00000E-03,+249.98E-06
+10.70000E-03,+51.25000E-03,+249.98E-06
+10.72000E-03,+26.25000E-03,+249.98E-06
+10.74000E-03,+45.00000E-03,+249.98E-06
+10.76000E-03,+26.25000E-03,+249.98E-06
+10.78000E-03,+51.25000E-03,+249.98E-06
+10.80000E-03,+32.50000E-03,+249.98E-06
+10.82000E-03,+26.25000E-03,+249.98E-06
+10.84000E-03,+26.25000E-03,+249.98E-06
+10.86000E-03,+26.25000E-03,+249.98E-06
+10.88000E-03,+26.25000E-03,+6.49998E-03
+10.90000E-03,+88.75000E-03,+249.98E-06
+10.92000E-03,+45.00000E-03,-6.00002E-03
+10.94000E-03,+57.50000E-03,+249.98E-06
+10.96000E-03,+38.75000E-03,+249.98E-06
+10.98000E-03,+63.75000E-03,+249.98E-06
+11.00000E-03,+26.25000E-03,-6.00002E-03
+11.02000E-03,+76.25000E-03,+249.98E-06
+11.04000E-03,+45.00000E-03,+249.98E-06
+11.06000E-03,+57.50000E-03,+6.49998E-03
+11.08000E-03,+57.50000E-03,+249.98E-06
+11.10000E-03,+32.50000E-03,+6.49998E-03
+11.12000E-03,+38.75000E-03,+249.98E-06
+11.14000E-03,+38.75000E-03,+249.98E-06
+11.16000E-03,+26.25000E-03,+249.98E-06
+11.18000E-03,+95.00000E-03,+249.98E-06
+11.20000E-03,+76.25000E-03,+249.98E-06
+11.22000E-03,+76.25000E-03,+6.49998E-03
+11.24000E-03,+51.25000E-03,+249.98E-06
+11.26000E-03,+76.25000E-03,+6.49998E-03
+11.28000E-03,+51.25000E-03,+249.98E-06
+11.30000E-03,+63.75000E-03,+249.98E-06
+11.32000E-03,+57.50000E-03,+249.98E-06
+11.34000E-03,+57.50000E-03,+6.49998E-03
+11.36000E-03,+82.50000E-03,+249.98E-06
+11.38000E-03,+51.25000E-03,+249.98E-06
+11.40000E-03,+38.75000E-03,+249.98E-06
+11.42000E-03,+51.25000E-03,+6.49998E-03
+11.44000E-03,-5.00000E-03,+249.98E-06
+11.46000E-03,+101.25000E-03,+6.49998E-03
+11.48000E-03,+76.25000E-03,+6.49998E-03
+11.50000E-03,+57.50000E-03,+249.98E-06
+11.52000E-03,+57.50000E-03,+249.98E-06
+11.54000E-03,+82.50000E-03,+249.98E-06
+11.56000E-03,+76.25000E-03,+6.49998E-03
+11.58000E-03,+76.25000E-03,+249.98E-06
+11.60000E-03,+57.50000E-03,+249.98E-06
+11.62000E-03,+63.75000E-03,+249.98E-06
+11.64000E-03,+76.25000E-03,+249.98E-06
+11.66000E-03,+57.50000E-03,+249.98E-06
+11.68000E-03,+45.00000E-03,+249.98E-06
+11.70000E-03,+51.25000E-03,+249.98E-06
+11.72000E-03,+101.25000E-03,+249.98E-06
+11.74000E-03,+107.50000E-03,+249.98E-06
+11.76000E-03,+101.25000E-03,+249.98E-06
+11.78000E-03,+88.75000E-03,+249.98E-06
+11.80000E-03,+76.25000E-03,+249.98E-06
+11.82000E-03,+82.50000E-03,-6.00002E-03
+11.84000E-03,+76.25000E-03,+249.98E-06
+11.86000E-03,+76.25000E-03,+249.98E-06
+11.88000E-03,+82.50000E-03,+249.98E-06
+11.90000E-03,+70.00000E-03,+249.98E-06
+11.92000E-03,+101.25000E-03,+249.98E-06
+11.94000E-03,+1.25000E-03,+249.98E-06
+11.96000E-03,+57.50000E-03,+249.98E-06
+11.98000E-03,+57.50000E-03,+249.98E-06
+12.00000E-03,+45.00000E-03,+249.98E-06
+12.02000E-03,+126.25000E-03,+6.49998E-03
+12.04000E-03,+120.00000E-03,+249.98E-06
+12.06000E-03,+82.50000E-03,+249.98E-06
+12.08000E-03,+88.75000E-03,+6.49998E-03
+12.10000E-03,+76.25000E-03,+249.98E-06
+12.12000E-03,+88.75000E-03,+249.98E-06
+12.14000E-03,+70.00000E-03,+249.98E-06
+12.16000E-03,+88.75000E-03,+249.98E-06
+12.18000E-03,+76.25000E-03,+249.98E-06
+12.20000E-03,+113.75000E-03,+249.98E-06
+12.22000E-03,+57.50000E-03,+249.98E-06
+12.24000E-03,+76.25000E-03,+249.98E-06
+12.26000E-03,+63.75000E-03,+249.98E-06
+12.28000E-03,+88.75000E-03,+249.98E-06
+12.30000E-03,+126.25000E-03,+249.98E-06
+12.32000E-03,+113.75000E-03,+6.49998E-03
+12.34000E-03,+88.75000E-03,+249.98E-06
+12.36000E-03,+88.75000E-03,+249.98E-06
+12.38000E-03,+88.75000E-03,+249.98E-06
+12.40000E-03,+76.25000E-03,+249.98E-06
+12.42000E-03,+70.00000E-03,+249.98E-06
+12.44000E-03,+101.25000E-03,+249.98E-06
+12.46000E-03,+76.25000E-03,+249.98E-06
+12.48000E-03,+101.25000E-03,+249.98E-06
+12.50000E-03,+70.00000E-03,+249.98E-06
+12.52000E-03,+70.00000E-03,+6.49998E-03
+12.54000E-03,+63.75000E-03,+249.98E-06
+12.56000E-03,+57.50000E-03,+249.98E-06
+12.58000E-03,+120.00000E-03,+6.49998E-03
+12.60000E-03,+132.50000E-03,+6.49998E-03
+12.62000E-03,+82.50000E-03,+249.98E-06
+12.64000E-03,+95.00000E-03,+249.98E-06
+12.66000E-03,+82.50000E-03,+249.98E-06
+12.68000E-03,+63.75000E-03,+249.98E-06
+12.70000E-03,+76.25000E-03,+6.49998E-03
+12.72000E-03,+107.50000E-03,+249.98E-06
+12.74000E-03,+76.25000E-03,+249.98E-06
+12.76000E-03,+107.50000E-03,+249.98E-06
+12.78000E-03,+63.75000E-03,+249.98E-06
+12.80000E-03,+70.00000E-03,+249.98E-06
+12.82000E-03,+63.75000E-03,+6.49998E-03
+12.84000E-03,+88.75000E-03,+6.49998E-03
+12.86000E-03,+113.75000E-03,+249.98E-06
+12.88000E-03,+126.25000E-03,+249.98E-06
+12.90000E-03,+76.25000E-03,+6.49998E-03
+12.92000E-03,+95.00000E-03,+249.98E-06
+12.94000E-03,+76.25000E-03,+249.98E-06
+12.96000E-03,+95.00000E-03,+249.98E-06
+12.98000E-03,+70.00000E-03,+249.98E-06
+13.00000E-03,+107.50000E-03,-6.00002E-03
+13.02000E-03,+70.00000E-03,+249.98E-06
+13.04000E-03,+107.50000E-03,+6.49998E-03
+13.06000E-03,+70.00000E-03,+249.98E-06
+13.08000E-03,+70.00000E-03,+249.98E-06
+13.10000E-03,+76.25000E-03,+6.49998E-03
+13.12000E-03,+63.75000E-03,+249.98E-06
+13.14000E-03,+120.00000E-03,+249.98E-06
+13.16000E-03,+120.00000E-03,+249.98E-06
+13.18000E-03,+76.25000E-03,+249.98E-06
+13.20000E-03,+101.25000E-03,+249.98E-06
+13.22000E-03,+57.50000E-03,+249.98E-06
+13.24000E-03,+95.00000E-03,+249.98E-06
+13.26000E-03,+70.00000E-03,+249.98E-06
+13.28000E-03,+101.25000E-03,+249.98E-06
+13.30000E-03,+70.00000E-03,+249.98E-06
+13.32000E-03,+88.75000E-03,+249.98E-06
+13.34000E-03,+82.50000E-03,+249.98E-06
+13.36000E-03,+76.25000E-03,+6.49998E-03
+13.38000E-03,+70.00000E-03,+249.98E-06
+13.40000E-03,+76.25000E-03,+249.98E-06
+13.42000E-03,+82.50000E-03,+249.98E-06
+13.44000E-03,+120.00000E-03,+249.98E-06
+13.46000E-03,+70.00000E-03,+249.98E-06
+13.48000E-03,+95.00000E-03,+249.98E-06
+13.50000E-03,+63.75000E-03,+249.98E-06
+13.52000E-03,+88.75000E-03,+249.98E-06
+13.54000E-03,+70.00000E-03,+249.98E-06
+13.56000E-03,+95.00000E-03,+249.98E-06
+13.58000E-03,+57.50000E-03,+249.98E-06
+13.60000E-03,+82.50000E-03,+249.98E-06
+13.62000E-03,+63.75000E-03,+6.49998E-03
+13.64000E-03,+70.00000E-03,+249.98E-06
+13.66000E-03,+57.50000E-03,+249.98E-06
+13.68000E-03,+63.75000E-03,+249.98E-06
+13.70000E-03,+32.50000E-03,+249.98E-06
+13.72000E-03,+113.75000E-03,+249.98E-06
+13.74000E-03,+76.25000E-03,+249.98E-06
+13.76000E-03,+88.75000E-03,+6.49998E-03
+13.78000E-03,+51.25000E-03,+249.98E-06
+13.80000E-03,+88.75000E-03,+249.98E-06
+13.82000E-03,+63.75000E-03,+249.98E-06
+13.84000E-03,+76.25000E-03,+249.98E-06
+13.86000E-03,+70.00000E-03,+249.98E-06
+13.88000E-03,+13.75000E-03,+249.98E-06
+13.90000E-03,+70.00000E-03,+6.49998E-03
+13.92000E-03,+57.50000E-03,+6.49998E-03
+13.94000E-03,+51.25000E-03,-6.00002E-03
+13.96000E-03,+38.75000E-03,-6.00002E-03
+13.98000E-03,+63.75000E-03,+249.98E-06
+14.00000E-03,+107.50000E-03,+249.98E-06
+14.02000E-03,+188.75000E-03,+6.49998E-03
+14.04000E-03,+76.25000E-03,+6.49998E-03
+14.06000E-03,+57.50000E-03,+6.49998E-03
+14.08000E-03,+70.00000E-03,-6.00002E-03
+14.10000E-03,+70.00000E-03,+249.98E-06
+14.12000E-03,+70.00000E-03,+249.98E-06
+14.14000E-03,+57.50000E-03,+249.98E-06
+14.16000E-03,+101.25000E-03,-6.00002E-03
+14.18000E-03,+70.00000E-03,+249.98E-06
+14.20000E-03,+51.25000E-03,+249.98E-06
+14.22000E-03,+38.75000E-03,+249.98E-06
+14.24000E-03,+45.00000E-03,+6.49998E-03
+14.26000E-03,+76.25000E-03,+249.98E-06
+14.28000E-03,+95.00000E-03,+6.49998E-03
+14.30000E-03,+95.00000E-03,+249.98E-06
+14.32000E-03,+63.75000E-03,+249.98E-06
+14.34000E-03,+45.00000E-03,+6.49998E-03
+14.36000E-03,+63.75000E-03,+249.98E-06
+14.38000E-03,+51.25000E-03,+6.49998E-03
+14.40000E-03,+57.50000E-03,+249.98E-06
+14.42000E-03,+51.25000E-03,+6.49998E-03
+14.44000E-03,+38.75000E-03,+249.98E-06
+14.46000E-03,+63.75000E-03,+249.98E-06
+14.48000E-03,+26.25000E-03,+249.98E-06
+14.50000E-03,+26.25000E-03,+6.49998E-03
+14.52000E-03,+32.50000E-03,+249.98E-06
+14.54000E-03,+13.75000E-03,+6.49998E-03
+14.56000E-03,+88.75000E-03,+249.98E-06
+14.58000E-03,+70.00000E-03,+249.98E-06
+14.60000E-03,+38.75000E-03,+249.98E-06
+14.62000E-03,+51.25000E-03,+249.98E-06
+14.64000E-03,+32.50000E-03,+6.49998E-03
+14.66000E-03,+51.25000E-03,+249.98E-06
+14.68000E-03,+32.50000E-03,+249.98E-06
+14.70000E-03,+45.00000E-03,+249.98E-06
+14.72000E-03,+32.50000E-03,+249.98E-06
+14.74000E-03,+51.25000E-03,+249.98E-06
+14.76000E-03,+7.50000E-03,+249.98E-06
+14.78000E-03,+13.75000E-03,+249.98E-06
+14.80000E-03,+26.25000E-03,+6.49998E-03
+14.82000E-03,+32.50000E-03,+249.98E-06
+14.84000E-03,+70.00000E-03,+249.98E-06
+14.86000E-03,+70.00000E-03,+6.49998E-03
+14.88000E-03,+26.25000E-03,+249.98E-06
+14.90000E-03,+76.25000E-03,+249.98E-06
+14.92000E-03,+26.25000E-03,+249.98E-06
+14.94000E-03,+45.00000E-03,+249.98E-06
+14.96000E-03,+13.75000E-03,-6.00002E-03
+14.98000E-03,+32.50000E-03,+249.98E-06
+15.00000E-03,+7.50000E-03,+249.98E-06
+15.02000E-03,+45.00000E-03,+249.98E-06
+15.04000E-03,+7.50000E-03,+249.98E-06
+15.06000E-03,+7.50000E-03,+6.49998E-03
+15.08000E-03,-5.00000E-03,+249.98E-06
+15.10000E-03,+13.75000E-03,+249.98E-06
+15.12000E-03,+63.75000E-03,+249.98E-06
+15.14000E-03,+70.00000E-03,+249.98E-06
+15.16000E-03,+13.75000E-03,+249.98E-06
+15.18000E-03,+20.00000E-03,+249.98E-06
+15.20000E-03,+7.50000E-03,+249.98E-06
+15.22000E-03,+26.25000E-03,-6.00002E-03
+15.24000E-03,-11.25000E-03,+249.98E-06
+15.26000E-03,+26.25000E-03,+249.98E-06
+15.28000E-03,+1.25000E-03,+249.98E-06
+15.30000E-03,+26.25000E-03,+249.98E-06
+15.32000E-03,-11.25000E-03,+249.98E-06
+15.34000E-03,-11.25000E-03,+249.98E-06
+15.36000E-03,-5.00000E-03,+249.98E-06
+15.38000E-03,-11.25000E-03,+249.98E-06
+15.40000E-03,+38.75000E-03,+249.98E-06
+15.42000E-03,+38.75000E-03,+249.98E-06
+15.44000E-03,-5.00000E-03,+249.98E-06
+15.46000E-03,+7.50000E-03,+6.49998E-03
+15.48000E-03,-11.25000E-03,+249.98E-06
+15.50000E-03,+13.75000E-03,+249.98E-06
+15.52000E-03,-23.75000E-03,+6.49998E-03
+15.54000E-03,+13.75000E-03,+249.98E-06
+15.56000E-03,-30.00000E-03,+6.49998E-03
+15.58000E-03,+1.25000E-03,+6.49998E-03
+15.60000E-03,-17.50000E-03,+249.98E-06
+15.62000E-03,-11.25000E-03,+249.98E-06
+15.64000E-03,-73.75000E-03,+249.98E-06
+15.66000E-03,-17.50000E-03,+6.49998E-03
+15.68000E-03,+20.00000E-03,+249.98E-06
+15.70000E-03,+20.00000E-03,+249.98E-06
+15.72000E-03,-17.50000E-03,-6.00002E-03
+15.74000E-03,+7.50000E-03,+249.98E-06
+15.76000E-03,-23.75000E-03,-6.00002E-03
+15.78000E-03,-5.00000E-03,+249.98E-06
+15.80000E-03,-30.00000E-03,+6.49998E-03
+15.82000E-03,-5.00000E-03,+249.98E-06
